qw,qx,qy,qz,x,y,z
0.997999,0.00403892,0.0486854,0.0401364,-0.954529,0.204259,-0.217147
