qw,qx,qy,qz,x,y,z
0.983488,0.115046,-0.13424,0.0386648,0.702935,0.682808,0.199136
