qw,qx,qy,qz,x,y,z
0.999993,4.45107e-05,-0.00358335,-0.000539398,-0.026674,-0.0349169,0.999034
