qw,qx,qy,qz,x,y,z
0.999998,0.00129051,-0.00160548,-0.000294836,-0.0579408,0.0354979,0.997689
