qw,qx,qy,qz,x,y,z
0.987922,-0.00690655,-0.154718,-0.00502595,0.85147,-0.0542137,0.521593
