qw,qx,qy,qz,x,y,z
0.999998,0.00061395,0.00201124,0.000332651,-0.398493,0.00787912,0.917137
