qw,qx,qy,qz,x,y,z
0.999996,0.000213788,-0.00240959,-0.00147779,0.069694,-0.0371265,0.996877
