qw,qx,qy,qz,x,y,z
0.999803,-0.00515839,-0.0191672,-0.000900543,0.911018,-0.335194,0.24019
