qw,qx,qy,qz,x,y,z
0.999994,0.00101818,-0.00224573,0.0022466,-0.0154065,-0.00921155,0.999839
