qw,qx,qy,qz,x,y,z
0.999995,8.76697e-05,-0.00302707,-0.00106285,0.0792602,-0.049066,0.995646
